Smiles,id,name,cnnaff_pos,cnnaff,MW,HBA,HBD,LogP,Pass_Ro5,has_pains,has_unwanted_subs,has_prob_fgs,synthetic_accessibility,TPSA,QED,N_RotBonds,logp_cnn_per_mw
[H]c1c(OC2([H])C([H])([H])C([H])([H])C([H])([H])C2([H])[H])c([H])n(C(=O)N([H])[C@@]2([H])C([H])([H])C([H])([H])C([H])([H])[C@]2([H])C(=O)C([H])([H])OC([H])([H])C([H])([H])N([H])[H])c(=O)c1C([H])([H])N([H])C(=O)C([H])([H])[H],5083,fegrow_gen/c1(CNC(C)=O)cc(OC2CCCC2)cn(C(=O)N[C@H]2CCC[C@@H]2C(COCCN)=O)c1=O.sdf,6.31999,-0.2386868694149057,428.275,8,3,1.0766,True,False,False,False,8.4291141917727,141.75,0.4417120203155794,10,0.2386868694149057
[H]c1nc([H])n(-c2c([H])c(C(=O)N([H])[C@@]([H])(N([H])C([H])([H])C([H])([H])N(C([H])([H])[H])C([H])([H])[H])C([H])([H])[H])c([H])n([H])c2=O)c1[H],15073,fegrow_gen/c1(-n2ccnc2)cc(C(=O)NC(C)NCCN(C)C)c[nH]c1=O.sdf,4.8901,-0.1509915186983518,296.205,6,3,-0.2124,True,False,True,True,7.21008328192336,95.05,0.6140274437218112,7,0.1509915186983518
[H]c1nc(C([H])([H])[H])c([H])c([H])c1C([H])([H])C(=O)N([H])C([H])([H])c1c([H])c([H])c([H])n(C(=O)N([H])[C@@]2([H])C([H])([H])C([H])([H])C([H])([H])[C@]2([H])C(=O)C([H])([H])OC([H])([H])C([H])([H])N([H])[H])c1=O,4076,fegrow_gen/c1(CNC(Cc2ccc(C)nc2)=O)cccn(C(=O)N[C@H]2CCC[C@@H]2C(COCCN)=O)c1=O.sdf,6.41857,-0.2199228493092295,438.294,8,3,0.68142,True,False,False,False,8.26237519826766,145.41,0.4339001823996845,10,0.2199228493092295
[H]c1nc([C@@]([H])(OC([H])([H])C(=O)[C@@]2([H])C([H])([H])C([H])([H])C([H])([H])[C@]2([H])N([H])C(=O)n2c([H])c([H])c([H])c(C([H])([H])N([H])C(=O)C([H])([H])[H])c2=O)C([H])([H])N([H])[H])c([H])c([H])c1F,6842,fegrow_gen/c1(CNC(C)=O)cccn(C(=O)N[C@H]2CCC[C@@H]2C(COC(CN)c2ccc(F)cn2)=O)c1=O.sdf,6.15929,-0.2514826508852854,445.281,8,3,1.0306,True,False,False,False,8.21150353250143,145.41,0.49309263442326,9,0.2514826508852854
[H]c1c([H])c([H])n(C(=O)N([H])[C@@]2([H])C([H])([H])C([H])([H])C([H])([H])[C@]2([H])C(=O)C([H])([H])OC([H])([H])C([H])([H])N([H])[H])c(=O)c1C([H])([H])N([H])C(=O)[C@@]([H])(C([H])([H])C([H])([H])N1C([H])([H])C([H])([H])C([H])([H])C([H])([H])C1([H])[H])C([H])([H])C1([H])C([H])([H])C1([H])[H],3072,fegrow_gen/c1(CNC(C(CC2CC2)CCN2CCCCC2)=O)cccn(C(=O)N[C@H]2CCC[C@@H]2C(COCCN)=O)c1=O.sdf,6.52648,-0.3211669076509337,498.349,8,3,2.0276,True,False,False,False,8.93307782254403,135.76,0.3055824316109487,14,0.3211669076509337
[H]c1c([H])c(C([H])([H])N([H])[H])c([H])c([C@@]([H])(SC([H])([H])[H])C(=O)N([H])C([H])([H])c2c([H])c([H])c([H])n(C(=O)N([H])[C@@]3([H])C([H])([H])C([H])([H])C([H])([H])[C@]3([H])C(=O)C([H])([H])OC([H])([H])C([H])([H])N([H])[H])c2=O)c1[H],4815,fegrow_gen/c1(CNC(C(c2cccc(CN)c2)SC)=O)cccn(C(=O)N[C@H]2CCC[C@@H]2C(COCCN)=O)c1=O.sdf,6.34425,-0.2836152024328334,494.383,9,4,1.2983,True,False,False,False,8.61683453792962,158.54,0.299550509093849,12,0.2836152024328334
[H]c1nc([C@@]([H])(OC([H])([H])C(=O)[C@@]2([H])C([H])([H])C([H])([H])C([H])([H])[C@]2([H])N([H])C(=O)n2c([H])c([H])c([H])c(C([H])([H])N([H])C(=O)C([H])([H])[H])c2=O)C([H])([H])N([H])c2c([H])nc(N([H])[H])c([H])c2[H])c([H])c([H])c1F,2571,fegrow_gen/c1(CNC(C)=O)cccn(C(=O)N[C@H]2CCC[C@@H]2C(CO[C@@H](CNc2ccc(N)nc2)c2ccc(F)cn2)=O)c1=O.sdf,6.5876,-0.3441445419630217,533.35,10,4,2.1612,True,False,False,False,8.47481231446592,170.33,0.2719952443410243,11,0.3441445419630217
[H]c1nc(C([H])([H])C(=O)N([H])[C@]([H])(c2c([H])c([H])c([H])n(C(=O)N([H])[C@@]3([H])C([H])([H])C([H])([H])C([H])([H])[C@]3([H])C(=O)C([H])([H])[C@@]3([H])C([H])([H])[C@@]3([H])N([H])[H])c2=O)C2([H])C([H])([H])C([H])([H])C2([H])[H])nc([H])c1[H],1945,fegrow_gen/c1([C@@H](NC(Cc2ncccn2)=O)C2CCC2)cccn(C(=O)N[C@H]2CCC[C@@H]2C(C[C@H]2C[C@H]2N)=O)c1=O.sdf,6.67247,-0.2920979964482058,472.335,8,3,1.8712,True,False,False,False,8.72646316811278,149.07,0.469938132670304,9,0.2920979964482058
[H]C#C[C@@]1([H])[C@]([H])(C(=O)C([H])([H])[H])[C@@]([H])(N([H])C(=O)n2c([H])c([H])c([H])c(C(=O)N(C([H])([H])C([H])([H])O[H])C([H])([H])[C@@]([H])(C(=O)O[H])N([H])[H])c2=O)C([H])([H])[C@@]1([H])N=C=S,13315,fegrow_gen/c1(C(=O)N(CCO)C[C@H](N)C(=O)O)cccn(C(=O)N[C@H]2C[C@@H](N=C=S)[C@@H](C#C)[C@@H]2C(C)=O)c1=O.sdf,5.42624,-0.1590642820999556,478.337,10,4,-1.0493,False,False,True,True,8.25584109700888,184.39,0.1854066867806995,9,0.1590642820999556
[H]OP(=O)(O[H])C(F)(F)[C@]([H])(N([H])[H])C([H])([H])OC([H])([H])C(=O)[C@@]1([H])C([H])([H])C([H])([H])C([H])([H])[C@]1([H])N([H])C(=O)n1c([H])c([H])c([H])c(C([H])([H])N([H])C(=O)C([H])([H])C([H])([H])C2([H])C([H])([H])C2([H])[H])c1=O,6926,fegrow_gen/c1(CNC(CCC2CC2)=O)cccn(C(=O)N[C@H]2CCC[C@@H]2C(COCC(N)C(F)(F)P(=O)(O)O)=O)c1=O.sdf,6.15146,-0.2898987849060988,529.243,8,5,1.0646,True,False,True,False,8.52249388120452,190.05,0.2189314801175501,13,0.2898987849060988
[H]C#C[C@@]1([H])[C@]([H])(C(=O)C([H])([H])[H])[C@](N([H])C(=O)n2c([H])c(C(=N[H])N([H])[H])c([H])c(C(=O)N([H])C([H])([H])C([H])([H])O[H])c2=O)(C([H])([H])C(=O)N(C([H])([H])[H])C([H])([H])[H])C([H])([H])[C@@]1([H])N=C=S,8866,fegrow_gen/c1(C(=O)NCCO)cc(C(=N)N)cn(C(=O)N[C@@]2(CC(=O)N(C)C)C[C@@H](N=C=S)[C@@H](C#C)[C@@H]2C(C)=O)c1=O.sdf,5.97372,-0.157177710726389,514.374,10,5,-1.04103,True,False,True,True,8.40512590372742,200.04,0.1124573986154028,9,0.157177710726389
[H]c1nc([C@@]([H])(OC([H])([H])C(=O)[C@@]2([H])C([H])([H])C([H])([H])C([H])([H])[C@]2([H])N([H])C(=O)n2c([H])c([H])c([H])c(C([H])([H])N([H])C(=O)C([H])([H])c3c([H])c([H])c([H])c([H])c3OC([H])([H])[H])c2=O)C([H])([H])N([H])[H])c([H])c([H])c1F,1152,fegrow_gen/c1(CNC(Cc2ccccc2OC)=O)cccn(C(=O)N[C@H]2CCC[C@@H]2C(CO[C@@H](CN)c2ccc(F)cn2)=O)c1=O.sdf,6.81176,-0.3473379545190191,545.357,9,3,2.262,True,False,False,False,8.5583207609751,154.64,0.295276469361406,12,0.3473379545190191
[H]C#C[C@@]1([H])[C@]([H])(C(=O)C([H])([H])[H])[C@@]([H])(N([H])C(=O)n2c([H])c(C(=N[H])N([H])[H])c([H])c(C(=O)N([H])[C@@]([H])(N([H])C(=O)N([H])[H])C([H])([H])O[H])c2=O)C([H])([H])[C@@]1([H])N=C=S,12379,fegrow_gen/c1(C(=O)NC(CO)NC(N)=O)cc(C(=N)N)cn(C(=O)N[C@H]2C[C@@H](N=C=S)[C@@H](C#C)[C@@H]2C(C)=O)c1=O.sdf,5.57591,-0.1049770827703953,492.348,10,7,-1.89513,False,False,True,True,8.23818146789637,234.85,0.0675843805852566,8,0.1049770827703953
[H]c1c([H])c(C([H])([H])[C@]2([H])C([H])([H])[C@]2([H])C([H])([H])C([H])([H])C(=O)N([H])C([H])([H])c2c([H])c([H])c([H])n(C(=O)N([H])[C@@]3([H])C([H])([H])C([H])([H])C([H])([H])[C@]3([H])C(=O)C([H])([H])OC([H])([H])C([H])([H])N([H])[H])c2=O)c([H])c([H])c1F,1555,fegrow_gen/c1(CNC(CCC2CC2Cc2ccc(F)cc2)=O)cccn(C(=O)N[C@H]2CCC[C@@H]2C(COCCN)=O)c1=O.sdf,6.73434,-0.3442084601033339,503.34,7,3,2.5334,True,False,False,False,8.75468228561373,132.52,0.3346695114217621,13,0.3442084601033339
[H]c1nc2c([H])c([H])c([H])c([H])c2c([H])c1C([H])([H])C(=O)N(OC([H])([H])C([H])([H])C([H])([H])N(C([H])([H])[H])C([H])([H])[H])C([H])([H])c1c([H])c([H])c([H])n(C(=O)N([H])[C@@]2([H])C([H])([H])C([H])([H])C([H])([H])[C@]2([H])C(=O)C([H])([H])OC([H])([H])C([H])([H])N([H])[H])c1=O,1921,fegrow_gen/c1(CN(C(Cc2cnc3ccccc3c2)=O)OCCCN(C)C)cccn(C(=O)N[C@H]2CCC[C@@H]2C(COCCN)=O)c1=O.sdf,6.67488,-0.352442135885198,564.388,10,2,2.1219,True,False,True,False,8.78394232434633,149.09,0.1959895791562354,15,0.352442135885198
[H]c1nc([H])n(-c2c([H])c(C([H])([H])[H])nc([H])c2C([H])([H])C(=O)N([H])C([H])([H])c2c([H])c([H])c([H])n(C(=O)N([H])[C@@]3([H])C([H])([H])C([H])([H])C([H])([H])[C@]3([H])C(=O)C([H])([H])OC([H])([H])C([H])([H])N([H])[H])c2=O)n1,2747,fegrow_gen/c1(CNC(Cc2c(-n3cncn3)cc(C)nc2)=O)cccn(C(=O)N[C@H]2CCC[C@@H]2C(COCCN)=O)c1=O.sdf,6.56691,-0.2202015888842044,504.337,11,3,0.262119999999999,False,False,False,False,8.31348641095573,176.12,0.2902089366889444,11,0.2202015888842044
[H]c1nc([H])c([H])c([C@@]([H])(C(=O)N([H])C([H])([H])c2c([H])c([H])c([H])n(C(=O)N([H])[C@@]3([H])C([H])([H])C([H])([H])C([H])([H])[C@]3([H])C(=O)C([H])([H])OC([H])([H])C([H])([H])N([H])[H])c2=O)c2c([H])c([H])c([H])c(C([H])([H])N([H])[H])c2[H])n1,2923,fegrow_gen/c1(CNC(C(c2cccc(CN)c2)c2ccncn2)=O)cccn(C(=O)N[C@H]2CCC[C@@H]2C(COCCN)=O)c1=O.sdf,6.54633,-0.2614926842365601,526.363,10,4,0.8161,True,False,False,False,8.63172117571622,184.32,0.2324120119125693,12,0.2614926842365601
[H]C1=C(C([H])([H])N2C([H])([H])C([H])([H])O[C@@]([H])(c3c([H])nn([H])c3[H])C2([H])[H])C(=O)N(c2c(SC(=O)N([H])C([H])([H])C3([H])C([H])([H])C3([H])[H])c([H])c(=O)n([H])c2[H])C1=O,10657,fegrow_gen/c1c(SC(=O)NCC2CC2)c(N2C(=O)C=C(CN3CC(c4cn[nH]c4)OCC3)C2=O)c[nH]c1=O.sdf,5.79248,-0.2810708248359416,460.346,8,3,1.1828,True,False,True,True,7.26542554397052,140.48999999999998,0.3931598863797031,7,0.2810708248359416
[H]c1c([H])c([H])n(C(=O)N([H])[C@@]2([H])C([H])([H])C([H])([H])C([H])([H])[C@]2([H])C(=O)C([H])([H])OC([H])([H])C([H])([H])N([H])[H])c(=O)c1C([H])([H])N(OC([H])([H])C([H])([H])C([H])([H])N(C([H])([H])[H])C([H])([H])[H])C(=O)C([H])([H])[H],5925,fegrow_gen/c1(CN(C(C)=O)OCCCN(C)C)cccn(C(=O)N[C@H]2CCC[C@@H]2C(COCCN)=O)c1=O.sdf,6.24198,-0.2100935228411906,442.282,9,2,0.3509,True,False,True,False,8.56517554614558,136.2,0.3055513330142779,13,0.2100935228411906
[H]c1nc([H])c(N([H])c2c([H])c(C([H])([H])[H])nc([H])c2C([H])([H])C(=O)N([H])C([H])([H])c2c([H])c([H])c([H])n(C(=O)N([H])[C@@]3([H])C([H])([H])C([H])([H])C([H])([H])[C@]3([H])C(=O)C([H])([H])OC([H])([H])C([H])([H])N([H])[H])c2=O)c([H])c1[H],844,fegrow_gen/c1(CNC(Cc2c(Nc3cccnc3)cc(C)nc2)=O)cccn(C(=O)N[C@H]2CCC[C@@H]2C(COCCN)=O)c1=O.sdf,6.88267,-0.3095658091127418,526.363,10,4,1.82002,True,False,False,False,8.50155566682064,170.32999999999998,0.2408689296275896,12,0.3095658091127418
[H]Sc1c(N2C(=O)C([H])=C([C@]([H])(OC([H])([H])[H])c3c([H])nn([H])c3[H])C2=O)c([H])n([H])c(=O)c1[H],13983,fegrow_gen/c1c(S)c(N2C(=O)C(C(OC)c3cn[nH]c3)=CC2=O)c[nH]c1=O.sdf,5.28096,-0.1870418084319131,320.245,6,3,0.574,True,False,True,False,7.40920944140099,108.15,0.5603807634816845,4,0.1870418084319131
[H]c1c([H])c([H])n(C(=O)N([H])[C@@]2([H])C([H])([H])C([H])([H])C([H])([H])[C@]2([H])C(=O)C([H])([H])OC([H])([H])C([H])([H])N([H])[H])c(=O)c1C([H])([H])N(OC([H])([H])C([H])([H])C([H])([H])N(C([H])([H])[H])C([H])([H])[H])C(=O)C([H])([H])C(=O)N([H])C([H])([H])C([H])([H])OC([H])([H])[H],4276,fegrow_gen/c1(CN(C(CC(=O)NCCOC)=O)OCCCN(C)C)cccn(C(=O)N[C@H]2CCC[C@@H]2C(COCCN)=O)c1=O.sdf,6.39968,-0.1868326400452147,536.331,11,3,-0.5163,False,False,True,False,8.8027214507793,174.52999999999997,0.1164606442361675,18,0.1868326400452147
[H]c1c([H])c([H])n(C(=O)N([H])[C@@]2([H])C([H])([H])C([H])([H])C([H])([H])[C@]2([H])C(=O)C([H])([H])OC([H])([H])C([H])([H])N([H])[H])c(=O)c1C([H])([H])N([H])C(=O)C([H])([H])C([H])([H])C1([H])C([H])([H])C1([H])[H],7787,fegrow_gen/c1(CNC(CCC2CC2)=O)cccn(C(=O)N[C@H]2CCC[C@@H]2C(COCCN)=O)c1=O.sdf,6.07456,-0.2241319487653188,400.265,7,3,0.9255,True,False,False,False,8.34827786436888,132.51999999999998,0.4456526088611628,11,0.2241319487653188
[H]c1c([H])c(C([H])([H])C(=O)N([H])C([H])([H])c2c([H])c([H])c([H])n(C(=O)N([H])[C@@]3([H])C([H])([H])C([H])([H])C([H])([H])[C@]3([H])C(=O)C([H])([H])OC([H])([H])C([H])([H])N([H])[H])c2=O)c([H])c(C([H])([H])N([H])[H])c1[H],7230,fegrow_gen/c1(CNC(Cc2cccc(CN)c2)=O)cccn(C(=O)N[C@H]2CCC[C@@H]2C(COCCN)=O)c1=O.sdf,6.12409,-0.2220660068567228,450.305,8,4,0.4367,True,False,False,False,8.40737214431293,158.54000000000002,0.3375014859101484,11,0.2220660068567228
[H]C#C[C@@]1([H])[C@]([H])(C(=O)C([H])([H])[H])[C@@]([H])(N([H])C(=O)n2c([H])c(C(=N[H])N([H])C([H])([H])N([H])C([H])([H])C([H])([H])[H])c([H])c(C(=O)N([H])C([H])([H])C([H])([H])O[H])c2=O)C([H])([H])[C@@]1([H])N=C=S,11345,fegrow_gen/c1(C(=O)NCCO)cc(C(=N)NCNCC)cn(C(=O)N[C@H]2C[C@@H](N=C=S)[C@@H](C#C)[C@@H]2C(C)=O)c1=O.sdf,5.71482,-0.1778319054085942,486.364,10,6,-0.691630000000001,False,False,True,True,8.48425191926031,177.76999999999998,0.0591881236913969,10,0.1778319054085942
[H]C#C[C@@]1([H])[C@]([H])(C(=O)C([H])([H])[H])[C@@]([H])(N([H])C(=O)n2c([H])c([H])c([H])c(C(=O)N([H])C([H])([H])C([H])([H])O[H])c2=O)C([H])([H])[C@@]1([H])N=C=S,13455,fegrow_gen/c1(C(=O)NCCO)cccn(C(=O)N[C@H]2C[C@@H](N=C=S)[C@@H](C#C)[C@@H]2C(C)=O)c1=O.sdf,5.39576,-0.1877271150513914,396.299,8,3,-0.1736,True,False,True,True,7.80138508198193,129.86,0.3352993556743608,6,0.1877271150513914
[H]SC([H])([H])C([H])([H])[C@@]([H])(N([H])C(=O)c1c([H])c(-n2c([H])nc(C([H])=C3SC(=O)N([H])C3=O)c2[H])c(=O)n([H])c1[H])C([H])([H])N([H])C1([H])C([H])([H])C([H])([H])C([H])([H])C1([H])[H],8062,fegrow_gen/c1(-n2cc(C=C3SC(=O)NC3=O)nc2)cc(C(=O)NC(CCS)CNC2CCCC2)c[nH]c1=O.sdf,6.05245,-0.3176112982469113,476.414,9,5,1.835,True,False,True,False,7.66804577688168,137.98,0.260524473117616,9,0.3176112982469113
[H]c1c([H])c([H])n(C(=O)N([H])[C@@]2([H])C([H])([H])C([H])([H])C([H])([H])[C@]2([H])C(=O)C([H])([H])C([H])([H])C2([H])C([H])([H])C2([H])[H])c(=O)c1C([H])([H])N([H])C(=O)C([H])([H])[H],11635,fegrow_gen/c1(CNC(C)=O)cccn(C(=O)N[C@H]2CCC[C@@H]2C(CCC2CC2)=O)c1=O.sdf,5.67801,-0.2524485704717294,346.237,5,2,1.9701,True,False,False,False,8.03022887073678,97.27,0.763486791795487,7,0.2524485704717294
[H]c1c([H])c([H])n(C(=O)N([H])[C@@]2([H])C([H])([H])C([H])([H])C([H])([H])[C@]2([H])C(=O)C([H])([H])OC([H])([H])C([H])([H])N([H])[H])c(=O)c1C([H])([H])N(OC([H])([H])C([H])([H])C([H])([H])N(C([H])([H])[H])C([H])([H])Cl)C(=O)C([H])([H])[H],3500,fegrow_gen/c1(CN(C(C)=O)OCCCN(C)CCl)cccn(C(=O)N[C@H]2CCC[C@@H]2C(COCCN)=O)c1=O.sdf,6.47911,-0.2495693661044696,477.735,9,2,0.9174,True,False,True,True,8.51908868649552,136.2,0.1620830179675221,14,0.2495693661044696
[H]c1nc([H])c(N([H])[C@]([H])(C(=O)N([H])C([H])([H])c2c([H])c([H])c([H])n(C(=O)N([H])[C@@]3([H])C([H])([H])C([H])([H])C([H])([H])[C@]3([H])C(=O)C([H])([H])OC([H])([H])C([H])([H])N([H])[H])c2=O)C([H])([H])N2C([H])([H])C([H])([H])N([H])C([H])([H])C2([H])[H])c([H])c1[H],3721,fegrow_gen/c1(CNC(C(CN2CCNCC2)Nc2cccnc2)=O)cccn(C(=O)N[C@H]2CCC[C@@H]2C(COCCN)=O)c1=O.sdf,6.45623,-0.1856976626283667,528.359,11,5,-0.4838,False,False,False,False,8.81688739350572,172.71,0.1986609098228937,13,0.1856976626283667
[H]c1c([H])c([H])n(C(=O)N([H])[C@@]2([H])C([H])([H])C([H])([H])C([H])([H])[C@]2([H])C(=O)C([H])([H])OC([H])([H])C([H])([H])N([H])[H])c(=O)c1C([H])([H])N([H])C(=O)C([H])([H])C([H])([H])N1C([H])([H])C([H])([H])N([H])[C@]([H])(C([H])(F)F)C1([H])[H],9127,fegrow_gen/c1(CNC(CCN2CC(C(F)F)NCC2)=O)cccn(C(=O)N[C@H]2CCC[C@@H]2C(COCCN)=O)c1=O.sdf,5.94744,-0.195745864107162,490.297,9,4,-0.3357,True,False,False,False,8.63769767680697,147.79,0.2706970047846744,12,0.195745864107162
[H]O[C@]1([H])C([H])([H])N(N(C(=O)C([H])([H])c2c([H])nc(C([H])([H])[H])c([H])c2[H])C([H])([H])c2c([H])c([H])c([H])n(C(=O)N([H])[C@@]3([H])C([H])([H])C([H])([H])C([H])([H])[C@]3([H])C(=O)C([H])([H])OC([H])([H])C([H])([H])N([H])[H])c2=O)C([H])([H])C1([H])[H],3073,fegrow_gen/c1(CN(C(Cc2ccc(C)nc2)=O)N2CC[C@H](O)C2)cccn(C(=O)N[C@H]2CCC[C@@H]2C(COCCN)=O)c1=O.sdf,6.52641,-0.2321379087177934,516.344,10,3,0.37542,True,False,False,False,8.7307730704382,160.09,0.3336248429109428,11,0.2321379087177934
[H]C#C[C@@]1([H])[C@]([H])(C(=O)C([H])([H])[H])[C@@]([H])(N(C(=O)n2c([H])c([H])c([H])c(C(=O)N([H])C([H])([H])C([H])([H])O[H])c2=O)N2C([H])([H])C([H])([H])N([H])C([H])([H])C2([H])[H])C([H])([H])[C@@]1([H])N=C=S,11513,fegrow_gen/c1(C(=O)NCCO)cccn(C(=O)N([C@H]2C[C@@H](N=C=S)[C@@H](C#C)[C@@H]2C(C)=O)N2CCNCC2)c1=O.sdf,5.69169,-0.1778869054707807,472.357,10,3,-0.641,True,False,True,True,8.43958857966601,136.34,0.2555582686914536,7,0.1778869054707807
[H]c1c([H])c([H])n(C(=O)N([H])[H])c(=O)c1[C@@]([H])(C([H])([H])[H])C([H])([H])C([H])([H])[C@@]1([H])[C@@]([H])(C(=O)N(C([H])([H])C([H])([H])[H])C([H])([H])C([H])([H])[H])C([H])([H])C([H])([H])[C@@]1([H])C(=O)N([H])N([H])[H],10827,fegrow_gen/c1([C@@H](C)CC[C@@H]2[C@H](C(=O)NN)CC[C@@H]2C(=O)N(CC)CC)cccn(C(N)=O)c1=O.sdf,5.77485,-0.2397097188678151,386.262,6,3,1.1595,True,False,True,False,8.58708826795018,140.52,0.3293702771575021,8,0.2397097188678151
[H]c1c([H])c([H])n(C(=O)N([H])[C@@]2([H])C([H])([H])C([H])([H])C([H])([H])[C@]2([H])C(=O)C([H])([H])[H])c(=O)c1C([H])([H])N([H])C(=O)C([H])([H])[H],14096,fegrow_gen/c1(CNC(C)=O)cccn(C(=O)N[C@H]2CCC[C@@H]2C(C)=O)c1=O.sdf,5.25321,-0.1797700134351477,298.193,5,2,0.7998,True,False,False,False,7.31936567623036,97.27,0.857525621934286,4,0.1797700134351477
[H]c1c([H])c([H])n(C(=O)N([H])[C@@]2([H])C([H])([H])C([H])([H])C([H])([H])[C@]2([H])C(=O)C([H])([H])[C@@]2([H])C([H])([H])[C@@]2([H])N([H])[H])c(=O)c1[C@@]([H])(N([H])C(=O)C([H])([H])[H])C1([H])C([H])([H])C([H])([H])C1([H])[H],7060,fegrow_gen/c1([C@@H](NC(C)=O)C2CCC2)cccn(C(=O)N[C@H]2CCC[C@@H]2C(C[C@H]2C[C@H]2N)=O)c1=O.sdf,6.13801,-0.2649748630753999,396.277,6,3,1.8584,True,False,False,False,8.65258161718967,123.29,0.6115999465216596,7,0.2649748630753999
[H]C1=C(C([H])([H])N2C([H])([H])[C@]([H])(c3c([H])nn([H])c3[H])O[C@]([H])(N(C([H])([H])[H])C([H])([H])[H])C2([H])[H])C(=O)N(c2c(SC(=O)N([H])C([H])([H])C3([H])C([H])([H])C3([H])[H])c([H])c(=O)n([H])c2[H])C1=O,11500,fegrow_gen/c1c(SC(=O)NCC2CC2)c(N2C(=O)C=C(CN3C[C@H](c4cn[nH]c4)OC(N(C)C)C3)C2=O)c[nH]c1=O.sdf,5.69301,-0.2935830089383395,498.375,9,3,1.0705,True,False,True,True,8.13608325499856,143.73,0.3391847198880127,8,0.2935830089383395
[H]c1nc([H])c([H])c(C([H])([H])O[C@]([H])(OC([H])([H])C([H])([H])N([H])[H])C(=O)[C@@]2([H])C([H])([H])C([H])([H])C([H])([H])[C@]2([H])N([H])C(=O)n2c([H])c([H])c([H])c(C([H])([H])N([H])C(=O)C([H])([H])[H])c2=O)c1[H],10386,fegrow_gen/c1(CNC(C)=O)cccn(C(=O)N[C@H]2CCC[C@@H]2C(C(OCCN)OCc2ccncc2)=O)c1=O.sdf,5.82279,-0.2483123773974717,454.293,9,3,0.6931,True,False,True,True,8.42880039709336,154.64,0.3928955362880207,11,0.2483123773974717
[H]O[C@]1([H])C([H])([H])N([C@@]2([H])OC([H])([H])C([H])([H])N(C([H])([H])C3=C([H])C(=O)N(c4c(SC(=O)N([H])C([H])([H])C5([H])C([H])([H])C5([H])[H])c([H])c(=O)n([H])c4[H])C3=O)C2([H])[H])C([H])([H])C([H])([H])C1([H])[H],10397,fegrow_gen/c1c(SC(=O)NCC2CC2)c(N2C(=O)C=C(CN3CC(N4CCC[C@H](O)C4)OCC3)C2=O)c[nH]c1=O.sdf,5.82212,-0.2493180916597497,486.36,9,3,0.5012,True,False,True,True,8.27996582040921,135.28,0.3490175363570291,7,0.2493180916597497
[H]C1=C(C([H])([H])N2C([H])([H])C([H])([H])OC([H])([H])C2([H])[H])C(=O)N(c2c(SC(=O)N([H])C([H])([H])C3(OC([H])([H])C([H])([H])F)C([H])([H])C3([H])[H])c([H])c(=O)n([H])c2[H])C1=O,12382,fegrow_gen/c1c(SC(=O)NCC2(OCCF)CC2)c(N2C(=O)C=C(CN3CCOCC3)C2=O)c[nH]c1=O.sdf,5.57568,-0.2651538440110575,455.318,8,2,0.8271,True,False,True,True,5.29616107215927,121.04,0.393878204966253,9,0.2651538440110575
[H]c1c([H])c([H])n(C(=O)N([H])[C@@]2([H])C([H])([H])C([H])([H])C([H])([H])[C@]2([H])C(=O)C([H])([H])C(=O)N([H])C2([H])C([H])([H])C([H])([H])C([H])([H])C2([H])[H])c(=O)c1[C@@]([H])(N([H])C(=O)C([H])([H])[H])C1([H])C([H])([H])C([H])([H])C1([H])[H],4991,fegrow_gen/c1([C@@H](NC(C)=O)C2CCC2)cccn(C(=O)N[C@H]2CCC[C@@H]2C(CC(=O)NC2CCCC2)=O)c1=O.sdf,6.32741,-0.3301543414085164,448.309,6,3,2.57,True,False,True,False,8.62900217287473,126.37,0.4890441431736849,8,0.3301543414085164
[H]c1c(C(F)(F)F)nc(N([H])C([H])(C([H])([H])[H])C([H])([H])[H])c(C([H])([H])C(=O)[C@@]2([H])C([H])([H])C([H])([H])C([H])([H])[C@]2([H])N([H])C(=O)n2c([H])c([H])c([H])c(C([H])([H])N([H])C(=O)C([H])([H])[H])c2=O)c1[H],5280,fegrow_gen/c1(CNC(C)=O)cccn(C(=O)N[C@H]2CCC[C@@H]2C(Cc2ccc(C(F)(F)F)nc2NC(C)C)=O)c1=O.sdf,6.30071,-0.3988092240501344,491.3,7,3,3.2567,True,False,False,False,8.07169162716388,122.19,0.4903490481188538,8,0.3988092240501344
[H]c1c([H])c([H])n(C(=O)N([H])[C@@]2([H])C([H])([H])C([H])([H])C([H])([H])[C@]2([H])C(=O)C([H])([H])[H])c(=O)c1[C@@]([H])(N([H])C(=O)C([H])([H])[H])[C@@]1([H])C([H])([H])C([H])([H])[C@@]1([H])C1([H])C([H])([H])C1([H])[H],6292,fegrow_gen/c1([C@@H](NC(C)=O)C2CCC2C2CC2)cccn(C(=O)N[C@H]2CCC[C@@H]2C(C)=O)c1=O.sdf,6.20992,-0.2929817326259959,382.27,5,2,2.7771,True,False,False,False,8.59233468985999,97.27,0.7493278265026688,6,0.2929817326259959
[H]Sc1c(-c2c([H])c(OC([H])([H])[H])c([H])c(OC([H])([H])C3([H])C([H])([H])C3([H])[H])c2[H])c([H])n(-c2nnn([H])n2)c(=O)c1C(=O)N([H])N([H])[H],3541,fegrow_gen/c1(C(=O)NN)c(S)c(-c2cc(OC)cc(OCC3CC3)c2)cn(-c2nn[nH]n2)c1=O.sdf,6.47517,-0.20392849865736,410.31,10,4,0.707199999999999,True,False,True,False,7.50689774779974,150.04000000000002,0.1855625167705382,7,0.20392849865736
[H]C1=C(C([H])([H])N2C([H])([H])C([H])([H])O[C@@]([H])(N([H])C([H])(C([H])([H])[H])C([H])([H])[H])C2([H])[H])C(=O)N(c2c(SC(=O)N([H])C([H])([H])C3([H])C([H])([H])C3([H])[H])c([H])c(=O)n([H])c2[H])C1=O,12403,fegrow_gen/c1c(SC(=O)NCC2CC2)c(N2C(=O)C=C(CN3CCOC(NC(C)C)C3)C2=O)c[nH]c1=O.sdf,5.57284,-0.2743066508818685,446.339,8,3,1.0425,True,False,True,True,7.87324373512469,123.83999999999996,0.3764820238382597,8,0.2743066508818685
[H]C1=C(C([H])([H])N2C([H])([H])C([H])([H])OC([H])([H])C2([H])[H])C(=O)N(c2c(SC(=O)N([H])C([H])([H])C3([H])C([H])([H])C3([H])[H])c([H])c(=O)n([H])c2[H])C1=O,13714,fegrow_gen/c1c(SC(=O)NCC2CC2)c(N2C(=O)C=C(CN3CCOCC3)C2=O)c[nH]c1=O.sdf,5.34257,-0.2396451970272671,396.299,7,2,0.7184,True,False,True,True,7.82417691810742,111.81,0.5170932572958882,6,0.2396451970272671
[H]C1=C(C([H])([H])N2C([H])([H])[C@]([H])(OC([H])([H])C([H])([H])F)O[C@@]([H])(c3c([H])nn([H])c3[H])C2([H])[H])C(=O)N(c2c(SC(=O)N([H])C([H])([H])C3([H])C([H])([H])C3([H])[H])c([H])c(=O)n([H])c2[H])C1=O,10496,fegrow_gen/c1c(SC(=O)NCC2CC2)c(N2C(=O)C=C(CN3C[C@H](c4cn[nH]c4)OC(OCCF)C3)C2=O)c[nH]c1=O.sdf,5.81035,-0.3249269477265921,519.365,9,3,1.495,True,False,True,True,7.9911136828663,149.71999999999997,0.2975799481507462,10,0.3249269477265921
[H]c1c([H])c([H])c(C([H])([H])N([H])N(C(=O)C([H])([H])c2c([H])c([H])c([H])c(C([H])([H])N([H])[H])c2[H])C([H])([H])c2c([H])c([H])c([H])n(C(=O)N([H])[C@@]3([H])C([H])([H])C([H])([H])C([H])([H])[C@]3([H])C(=O)C([H])([H])OC([H])([H])C([H])([H])N([H])[H])c2=O)c([H])c1[H],3286,fegrow_gen/c1(CN(C(Cc2cccc(CN)c2)=O)NCc2ccccc2)cccn(C(=O)N[C@H]2CCC[C@@H]2C(COCCN)=O)c1=O.sdf,6.50273,-0.3351320207032689,548.389,9,4,1.8539,True,False,True,False,8.75023000229804,161.78,0.1638855968561963,14,0.3351320207032689
[H]c1c([H])c([H])c(C([H])([H])C([H])([H])C(=O)[C@@]2([H])C([H])([H])C([H])([H])C([H])([H])[C@]2([H])N([H])C(=O)n2c([H])c([H])c([H])c([C@@]([H])(N([H])C(=O)C([H])([H])[H])C3([H])C([H])([H])C([H])([H])C3([H])[H])c2=O)c(OC([H])([H])[H])c1[H],3208,fegrow_gen/c1([C@@H](NC(C)=O)C2CCC2)cccn(C(=O)N[C@H]2CCC[C@@H]2C(CCc2ccccc2OC)=O)c1=O.sdf,6.51255,-0.392170929524573,458.324,6,2,3.7625,True,False,False,False,8.60828549336876,106.5,0.5532392606343628,9,0.392170929524573
[H]O[C@]([H])(C([H])([H])OSc1c([H])c([H])n([H])c(=O)c1C(=O)N([H])N([H])[H])C([H])([H])c1c([H])c([H])c(F)c([H])c1[H],14385,fegrow_gen/c1(C(=O)NN)c(SOCC(O)Cc2ccc(F)cc2)cc[nH]c1=O.sdf,5.17211,-0.2125842437291369,337.247,6,4,0.7448,True,False,True,True,7.88144358110545,117.44,0.2524606611671695,7,0.2125842437291369
